{
  "status": "ok",
  "totalResults": 66,
  "articles": [{
      "source": {
        "id": null,
        "name": "CNBC"
      },
      "author": "Gabrielle Fonrouge",
      "title": "Peloton staved off the cash crunch that threatened its business. Where does it go now? - CNBC",
      "description": "Peloton's looming debt pile raised concerns that the company could be pushed into bankruptcy. Now that Peloton has refinanced, it still has to fix its strategy.",
      "url": "https://www.cnbc.com/2024/07/02/peloton-staves-off-liquidity-crunch-in-global-refinance.html",
      "urlToImage": "https://image.cnbcfm.com/api/v1/image/107327243-1698864973814-gettyimages-1757875748-PELOTON_EARNS.jpeg?v=1719877146&w=1920&h=1080",
      "publishedAt": "2024-07-02T16:19:30Z",
      "content": "A Peloton Bike inside a showroom in New York, US, on Wednesday, Nov. 1, 2023. Peloton Interactive Inc. is scheduled to release earnings figures on November 2.\r\nPeloton no longer faces an imminent liq… [+9953 chars]"
    },
    {
      "source": {
        "id": null,
        "name": "Yahoo Entertainment"
      },
      "author": null,
      "title": "Here's the biggest risk to Nvidia being a $10 trillion juggernaut - Yahoo Finance",
      "description": null,
      "url": "https://finance.yahoo.com/news/heres-the-biggest-risk-to-nvidia-being-a-10-trillion-juggernaut-155509772.html",
      "urlToImage": null,
      "publishedAt": "2024-07-02T15:55:10Z",
      "content": "If you click 'Accept all', we and our partners, including 237 who are part of the IAB Transparency &amp; Consent Framework, will also store and/or access information on a device (in other words, use … [+678 chars]"
    },
    {
      "source": {
        "id": null,
        "name": "Yahoo Entertainment"
      },
      "author": "Brian Sozzi",
      "title": "Investors have found peace in another Trump presidency - Yahoo Finance",
      "description": "Markets appear to be taking presidential election theatrics in stride ... for now.",
      "url": "https://finance.yahoo.com/news/investors-have-found-peace-in-another-trump-presidency-154703150.html",
      "urlToImage": "https://s.yimg.com/ny/api/res/1.2/cLgPoPo6iNKyBn7Rlb5bfw--/YXBwaWQ9aGlnaGxhbmRlcjt3PTEyMDA7aD04MDA-/https://s.yimg.com/os/creatr-uploaded-images/2024-07/031890b0-3852-11ef-9b3e-7189ab66d1ec",
      "publishedAt": "2024-07-02T15:47:03Z",
      "content": "Investors are keeping calm and carrying on as thoughts of a second Donald Trump presidency begin to percolate amid President Joe Biden's primetime debate debacle.\r\n\"The one takeaway from the debate l… [+4530 chars]"
    },
    {
      "source": {
        "id": null,
        "name": "Tobaccofreekids.org"
      },
      "author": "",
      "title": "U.S. Supreme Court Agrees to Hear… - Tobacco Free Kids",
      "description": "Campaign for Tobacco-Free Kids",
      "url": "https://www.tobaccofreekids.org/press-releases/2024_07_02_scotus-agrees-to-hear-case-involving-fda-marketing-denial-orders",
      "urlToImage": "https://assets.tobaccofreekids.org/content/press_office/2024/_1200x630_crop_center-center_82_none/2024_07_02_EcigSupremeCourt.jpg?mtime=1719933815",
      "publishedAt": "2024-07-02T15:23:04Z",
      "content": "U.S. Supreme Court Agrees to Hear Case Involving FDA Marketing Denial Orders for Flavored E-Cigarettes\r\nStatement of Yolonda C. Richardson, President and CEO, Campaign for Tobacco-Free KidsJuly 02, 2… [+2408 chars]"
    },
    {
      "source": {
        "id": null,
        "name": "Fox Business"
      },
      "author": "Megan Henney",
      "title": "Fed's Powell: Prices are ‘back on disinflationary path,’ but more confidence is needed - Fox Business",
      "description": "Federal Reserve Chair Jerome Powell said Tuesday during a central bank forum in Portugal that recent inflation readings show \"quite a bit of progress.\"",
      "url": "https://www.foxbusiness.com/economy/feds-powell-prices-back-disinflationary-path-more-confidence-needed",
      "urlToImage": "https://a57.foxnews.com/static.foxbusiness.com/foxbusiness.com/content/uploads/2024/06/0/0/powell-1.jpg?ve=1&tl=1",
      "publishedAt": "2024-07-02T15:11:00Z",
      "content": "Federal Reserve Chair Jerome Powell said Tuesday that policymakers have made \"quite a bit\" of progress on fighting inflation, but he needs to see more evidence before starting to reduce interest rate… [+3913 chars]"
    },
    {
      "source": {
        "id": "cnn",
        "name": "CNN"
      },
      "author": "Alicia Wallace",
      "title": "US job openings unexpectedly grew in May, reflecting a still resilient labor market - CNN",
      "description": "The number of available jobs in the US unexpectedly grew in May, signaling there’s still heightened demand for workers.",
      "url": "https://www.cnn.com/2024/07/02/economy/us-jolts-job-openings-layoffs-may/index.html",
      "urlToImage": "https://media.cnn.com/api/v1/images/stellar/prod/gettyimages-2159381214.jpg?c=16x9&q=w_800,c_fill",
      "publishedAt": "2024-07-02T15:01:00Z",
      "content": "The number of available jobs in the US unexpectedly grew in May, signaling continued resilience in the nations labor market.\r\nJob openings jumped higher to 8.14 million in May, from a downwardly revi… [+5225 chars]"
    },
    {
      "source": {
        "id": "business-insider",
        "name": "Business Insider"
      },
      "author": "Hasan Chowdhury",
      "title": "Nvidia's secret sauce is starting to worry regulators - Business Insider",
      "description": "Nvidia is facing serious scrutiny from regulators about its blistering rise to power and concerns over its software.",
      "url": "https://www.businessinsider.com/nvidia-secret-sauce-regulators-gpu-chips-jensen-huang-2024-7",
      "urlToImage": "https://i.insider.com/6683fca31aace5b3ada379f2?width=1200&format=jpeg",
      "publishedAt": "2024-07-02T14:33:00Z",
      "content": null
    },
    {
      "source": {
        "id": null,
        "name": "CNBC"
      },
      "author": "Hugh Son",
      "title": "How thousands of Americans got caught in fintech’s false promise and lost access to bank accounts - CNBC",
      "description": "The Synapse collapse has revealed fintech's promise of safety as a mirage. More than 100,000 Americans with $265 million in deposits were locked from accounts.",
      "url": "https://www.cnbc.com/2024/07/02/synapse-fintech-fdic-false-promise.html",
      "urlToImage": "https://image.cnbcfm.com/api/v1/image/108000493-1719859110589-IMG_5690.jpeg?v=1719859267&w=1920&h=1080",
      "publishedAt": "2024-07-02T14:30:04Z",
      "content": "Natasha Craft, a 25-year-old FedEx driver from Mishawaka, Indiana. She has been locked out of her Yotta banking account since May 11.\r\nWhen Natasha Craft first got a Yotta banking account in 2021, sh… [+12968 chars]"
    },
    {
      "source": {
        "id": null,
        "name": "Barron's"
      },
      "author": "Barron's",
      "title": "Tesla Deliveries Are Great. The Stock Is Climbing. - Barron's",
      "description": null,
      "url": "https://www.barrons.com/articles/tesla-stock-electric-vehicle-deliveries-f9bd7acb",
      "urlToImage": null,
      "publishedAt": "2024-07-02T14:11:00Z",
      "content": null
    },
    {
      "source": {
        "id": "cbs-news",
        "name": "CBS News"
      },
      "author": "Neal Riley",
      "title": "Bob's Stores is closing all locations - see the full list of store closures - CBS Boston",
      "description": "Bob's Stores, a discount clothing retailer with locations in Massachusetts and Connecticut, is going out of business.",
      "url": "https://www.cbsnews.com/boston/news/bobs-stores-closing-list-locations-connecticut-massachusetts/",
      "urlToImage": "https://assets1.cbsnewsstatic.com/hub/i/r/2024/07/02/fc9bf149-ab2a-4963-9702-c8d008f85c80/thumbnail/1200x630/19c1473f2f4391903f196858a062abda/bobs-stores-closing.jpg?v=57e8061b2038d609da26e467de5ddfb8",
      "publishedAt": "2024-07-02T14:06:00Z",
      "content": "Consumers turn to store brands amid inflation \r\nConsumers turning to store brands amid inflation03:58\r\nMIDDLETOWN, Conn. - Bob's Stores, a discount clothing and shoe retailer with several locations i… [+2360 chars]"
    },
    {
      "source": {
        "id": null,
        "name": "Investor's Business Daily"
      },
      "author": "Investor's Business Daily",
      "title": "Rivian Deliveries Top Company's Expectations As EV Startup Maintains Guidance - Investor's Business Daily",
      "description": "Rivian stock advanced 30% last week.",
      "url": "https://www.investors.com/news/rivian-stock-deliveries-top-expectations/",
      "urlToImage": "https://www.investors.com/wp-content/uploads/2024/03/Stock-RivianR3-02-Company.jpg",
      "publishedAt": "2024-07-02T13:44:00Z",
      "content": "Rivian (RIVN) second-quarter vehicle deliveries came in above its own forecasts as the EV startup kept full-year production guidance steady. RIVN stock advanced early Tuesday.\r\nXNOW PLAYINGIf Tesla I… [+3367 chars]"
    },
    {
      "source": {
        "id": null,
        "name": "CNBC"
      },
      "author": "Scott Cohn",
      "title": "Insurance crisis that started in Florida, California is spreading. Your state could be next - CNBC",
      "description": "Insurers are fleeing coastal states like Florida and California after floods and fires, and premiums are skyrocketing. More states face this climate crisis.",
      "url": "https://www.cnbc.com/2024/07/02/florida-california-insurance-crisis-spreading-your-state-next.html",
      "urlToImage": "https://image.cnbcfm.com/api/v1/image/108000386-1719850422294-gettyimages-2156815047-AA_14062024_1727226.jpeg?v=1719850452&w=1920&h=1080",
      "publishedAt": "2024-07-02T13:15:19Z",
      "content": "An insurance crisis that has sent premiums skyrocketing and caused carriers to flee coastal states like Florida and California is spreading, and it is fundamentally changing the real estate market in… [+5582 chars]"
    },
    {
      "source": {
        "id": null,
        "name": "Motley Fool"
      },
      "author": "Anthony Di Pizio",
      "title": "Cathie Wood Says Software Is the Next Big AI Opportunity -- 2 Supercharged Stocks You'll Regret Not Buying if She's Right - The Motley Fool",
      "description": "Nvidia has soaked up trillions of dollars worth of value created by AI so far, but software stocks might be the next opportunity for investors.",
      "url": "https://www.fool.com/investing/2024/07/02/cathie-wood-software-next-ai-2-stocks-buying-right/",
      "urlToImage": "https://g.foolcdn.com/editorial/images/782195/two-cybersecurity-managers-looking-at-a-computer-monitor-and-talking-to-each-other.jpg",
      "publishedAt": "2024-07-02T12:55:00Z",
      "content": "Nvidia has soaked up trillions of dollars worth of value created by AI so far, but software stocks might be the next opportunity for investors.Last year, Ark Investment Management CEO Cathie Wood sai… [+5462 chars]"
    },
    {
      "source": {
        "id": null,
        "name": "[Removed]"
      },
      "author": null,
      "title": "[Removed]",
      "description": "[Removed]",
      "url": "https://removed.com",
      "urlToImage": null,
      "publishedAt": "1970-01-01T00:00:00Z",
      "content": "[Removed]"
    },
    {
      "source": {
        "id": null,
        "name": "CNBC"
      },
      "author": "Michael Bloom",
      "title": "Tuesday's analyst calls like Nvidia on Wall Street - CNBC",
      "description": "Here are Tuesday's biggest calls on Wall Street.",
      "url": "https://www.cnbc.com/2024/07/02/tuesdays-analyst-calls-like-nvidia-on-wall-street.html",
      "urlToImage": "https://image.cnbcfm.com/api/v1/image/107134468-16656992842022-10-11t164525z_1772142506_rc23zw9srq35_rtrmadp_0_retail-holidayshopping-amazon.jpeg?v=1687375915&w=1920&h=1080",
      "publishedAt": "2024-07-02T12:27:33Z",
      "content": null
    },
    {
      "source": {
        "id": null,
        "name": "[Removed]"
      },
      "author": null,
      "title": "[Removed]",
      "description": "[Removed]",
      "url": "https://removed.com",
      "urlToImage": null,
      "publishedAt": "1970-01-01T00:00:00Z",
      "content": "[Removed]"
    },
    {
      "source": {
        "id": null,
        "name": "Fox Business"
      },
      "author": "Pilar Arias",
      "title": "Costco flushable wipes settlement has wholesale giant agree to $2M payout - Fox Business",
      "description": "Costco has agreed to pay out $2 million to resolve a false advertising class action lawsuit over flushable wipes, while not admitting to any wrongdoing.",
      "url": "https://www.foxbusiness.com/retail/costco-flushable-wipes-settlement-wholesale-giant-2m-payout",
      "urlToImage": "https://a57.foxnews.com/static.foxbusiness.com/foxbusiness.com/content/uploads/2024/07/0/0/coscto-evening-storefront.jpg?ve=1&tl=1",
      "publishedAt": "2024-07-02T12:13:00Z",
      "content": "People who purchased Kirkland Signature Moist Flushable Wipes from Costco in the past may be eligible for a piece of a $2 million class action lawsuit settlement.\r\nThe payments are for consumers who … [+2680 chars]"
    },
    {
      "source": {
        "id": null,
        "name": "Tesla.com"
      },
      "author": null,
      "title": "Tesla Vehicle Production & Deliveries and Date for Financial Results & Webcast for Second Quarter 2024 - Tesla Investor Relations",
      "description": "AUSTIN, Texas, July 2, 2024 – In the second quarter, we produced approximately 411,000 vehicles and delivered approximately 444,000 vehicles. We deployed 9.4 GWh of energy storage products in Q2, the highest quarterly deployment yet.",
      "url": "https://ir.tesla.com/press-release/tesla-vehicle-production-deliveries-and-date-financial-results-webcast-second-quarter-2024",
      "urlToImage": "https://digitalassets.tesla.com/tesla-contents/image/upload/h_628%2Cw_1200%2Cc_fit%2Cf_auto%2Cq_auto:best/Family_Social",
      "publishedAt": "2024-07-02T12:00:00Z",
      "content": "AUSTIN, Texas, July 2, 2024 In the second quarter, we produced approximately 411,000 vehicles and delivered approximately 444,000 vehicles. We deployed 9.4 GWh of energy storage products in Q2, the h… [+1814 chars]"
    },
    {
      "source": {
        "id": null,
        "name": "Yahoo Entertainment"
      },
      "author": null,
      "title": "BlackRock, BNP See Plenty of AI Fuel Left to Drive Equity Rally - Yahoo Finance",
      "description": null,
      "url": "https://finance.yahoo.com/news/top-investors-see-plenty-ai-090000103.html",
      "urlToImage": null,
      "publishedAt": "2024-07-02T11:45:34Z",
      "content": "If you click 'Accept all', we and our partners, including 237 who are part of the IAB Transparency &amp; Consent Framework, will also store and/or access information on a device (in other words, use … [+678 chars]"
    },
    {
      "source": {
        "id": null,
        "name": "TheStreet"
      },
      "author": "TheStreet",
      "title": "Another popular beer brand files Chapter 11 bankruptcy - TheStreet",
      "description": null,
      "url": "https://www.thestreet.com/restaurants/another-popular-beer-brand-files-chapter-11-bankruptcy",
      "urlToImage": null,
      "publishedAt": "2024-07-02T11:45:00Z",
      "content": null
    }
  ]
}